Dimension,TP,TN,FP,FN,Accuracy,Precision,Sensitivity,Specificity,F1 Score,Elapsed Time (s),Usage (s),Samples
2,189,125,82,18,0.7584541062801933,0.6974169741697417,0.9130434782608695,0.6038647342995169,0.7907949790794978,94.7090711593628,94.7090711593628,518
3,173,143,64,34,0.7632850241545893,0.729957805907173,0.8357487922705314,0.6908212560386473,0.7792792792792793,172.7525119781494,172.7525119781494,518
4,171,148,59,36,0.7705314009661836,0.7434782608695653,0.8260869565217391,0.714975845410628,0.782608695652174,272.0542211532593,272.0542211532593,518
5,171,149,58,36,0.7729468599033816,0.7467248908296943,0.8260869565217391,0.7198067632850241,0.7844036697247706,413.60598492622375,413.60598492622375,518
6,161,152,55,46,0.7560386473429952,0.7453703703703703,0.7777777777777778,0.7342995169082126,0.7612293144208038,610.9075450897217,610.9075450897217,518
7,139,192,15,68,0.7995169082125604,0.9025974025974026,0.6714975845410628,0.927536231884058,0.7700831024930749,872.8003330230713,872.8003330230713,518
