Dimension,TP,TN,FP,FN,Accuracy,Precision,Sensitivity,Specificity,F1 Score,Elapsed Time (s),Usage (s),Samples
2,189,125,82,18,0.7584541062801933,0.6974169741697417,0.9130434782608695,0.6038647342995169,0.7907949790794978,94.7090711593628,94.7090711593628,518
3,173,143,64,34,0.7632850241545893,0.729957805907173,0.8357487922705314,0.6908212560386473,0.7792792792792793,172.7525119781494,172.7525119781494,518
